recalling_firm_name,Symbol
abbott diabetes care,ABT
abbott vascular,ABT
accord healthcare,None
acella pharmaceuticals,None
advance pharmaceutical,None
advanced pharma,None
alcon research,ALC
alere san diego,None
alexion pharmaceuticals,None
allosource,None
apotex,None
arrow international,None
auromedics pharma,None
avanos medical,AVNS
b braun medical,None
bard peripheral vascular,BDX
baxter englewood,BAX
baxter healthcare,BAX
bayer healthcare pharmaceuticals,None
beckman coulter,None
becton dickinson,BDX
ben venue laboratories,None
bethel nutritional consulting,None
biomerieux,None
boston scientific,BSX
brainlab,None
brian p richardson,None
bristol-myers squibb,BMY
bryant ranch prepack dba brp pharmaceuticals,None
cardiac assist,None
cardinal health,CAH
cardiovascular systems,None
carefusion 203,None
carefusion 213,None
carefusion 2200,None
carefusion 303,None
celltrion usa,None
central admixture pharmacy services,None
centurion medical products,None
cme america,None
codman shurtleff,None
cook,None
cordis,None
corneagen,None
covidien,None
covidien formerly nellcor puritan bennett,None
cubist pharmaceuticals,None
customed,None
datascope,None
del mar reynolds medical,None
depuy orthopaedics,JNJ
deseo rebajar,None
dr reddys laboratories,RDY
draeger medical,None
draeger medical systems,None
edwards lifesciences,EW
endologix,None
ethicon endo-surgery,None
ev3,None
exela pharma sciences,None
fabscout entertainment,None
fisher paykel healthcare,None
fresenius kabi usa,FMS
fresenius medical care holdings,FMS
ge healthcare,GEHC
ge oec medical systems,None
genentech,None
getinge usa sales,None
gilead sciences,GILD
greatbatch medical,None
hamilton medical,None
heartware,None
heritage pharmaceuticals,None
hospira,None
hummingbird med,None
icu medical,ICUI
insulet,PODD
integra lifesciences,IART
international laboratories,None
jubilant cadista pharmaceuticals,None
lemaitre vascular,LMAT
leonhard lang medizintechnik,None
lohxa,None
lumenis,None
lusys laboratories,None
magellan diagnostics,None
maquet cardiovascular us sales,None
maquet datascope - cardiac assist division,None
masterpharm,None
medisca,None
medline industries,None
medtech,None
medtronic,MDT
medtronic cardiac rhythm and heart failure crhf,MDT
medtronic navigation,MDT
medtronic neuromodulation,MDT
medtronic neurosurgery,MDT
medtronic perfusion systems,MDT
medtronic vascular,MDT
medtronic xomed,MDT
merit medical systems,MMSI
microport orthopedics,None
monteris medical,None
musculoskeletal transplant foundation,None
mylan institutional,VTRS
mylan pharmaceuticals,VTRS
natures rx,None
nellcor puritan bennett dba covidien,None
newport medical instruments,None
novo nordisk,NVO
organic herbal supply,None
origen biomedical,None
oscor,OSCR
penumbra,PEN
pfizer,PFE
pharmacy creations,None
pharmakon pharmaceuticals,None
pharmedium services,None
philips north america,PHG
philips respironics,PHG
physio-control,None
plastikon healthcare,None
qiagen sciences,QGEN
quva pharma,None
respironics california,None
sandoz,None
sca pharmaceuticals,None
shire human genetic therapies,None
siemens healthcare diagnostics,None
smiths medical asd,None
spacelabs healthcare,None
spartan chemical,None
st jude medical,None
stryker sustainability solutions,SYK
sunmed holdings,None
symbios medical products,None
syncardia systems,None
taro pharmaceuticals usa,None
teleflex,TFX
teleflex medical,TFX
teligent pharma,None
teva pharmaceuticals usa,TEVA
the menz club,None
thoratec,None
trirx huntsville pharmaceutical services,None
umtb biomedical,None
valor compounding pharmacy dba valor compounding pharmacy,None
vascular solutions,None
verathon,None
vero biotech,None
vi-jon,None
vyaire medical,None
vyaire medical carefusion viasys,None
zimmer,ZBH
zimmer biomet,ZBH
zydus pharmaceuticals usa,None
